<Skills>
  <skill>
    <id>1001</id>
    <_name>三才朝元</_name>
    <icon>skill_01</icon>
    <type>群体</type>
    <usetype>output</usetype>
    <atk>150</atk>
    <des>衝撃波を放し、前のすべての敵にダメージを与える。　MpCost:20</des>
    <level>3</level>
    <coldtime>10</coldtime>
    <costMp>20</costMp>
  </skill>
  <skill>
    <id>1002</id>
    <_name>四方肃敛</_name>
    <icon>skill_02</icon>
    <type>单体</type>
    <usetype>buff</usetype>
    <str>0</str>
    <def>0</def>
    <plusMaxHP>110</plusMaxHP>
    <plusMaxMp>30</plusMaxMp>
    <crit>110</crit>
    <agi>0</agi>
    <recovery>0</recovery>
    <des>身を強化できるスキル。8秒間MaxHp+110、MaxMp+30、Critial率+10%。　MpCost:10</des>
    <level>5</level>
    <coldtime>5</coldtime>
    <costMp>10</costMp>
  </skill>
  <skill>
    <id>1003</id>
    <_name>五灵归宗</_name>
    <icon>skill_03</icon>
    <type>单体</type>
    <usetype>buff</usetype>
    <str>0</str>
    <def>100</def>
    <plusMaxHP>200</plusMaxHP>
    <plusMaxMp>0</plusMaxMp>
    <crit>0</crit>
    <agi>150</agi>
    <recovery>0</recovery>
    <des>身を守るスキル。10秒間MaxHp+200、Def+100、Agi+15%。　MpCost:10</des>
    <level>10</level>
    <coldtime>30</coldtime>
    <costMp>10</costMp>
  </skill>
  <skill>
    <id>1004</id>
    <_name>化相真如剑</_name>
    <icon>skill_04</icon>
    <type>群体</type>
    <usetype>output</usetype>
    <atk>300</atk>
    <des>巨大な威力を持つ剣技、範囲内のすべての敵にダメージを与える。　MpCost:40</des>
    <level>20</level>
    <coldtime>15</coldtime>
    <costMp>40</costMp>
  </skill>
  <skill>
    <id>1005</id>
    <_name>气疗术</_name>
    <icon>skill_07</icon>
    <type>单体</type>
    <usetype>other</usetype>
    <recovery>20</recovery>
    <des>回復スキル。HP+20。　MpCost:10</des>
    <level>3</level>
    <coldtime>20</coldtime>
    <costMp>10</costMp>
  </skill>

</Skills>
